lgl_address_latitude,lgl_address_longitude,lgl_address_cluster,lgl_address_id
0.0,0.9506400160539116,0,1
0.3322786671003146,0.8437540061033665,0,2
0.9438652342122712,0.6276389771909595,1,3
1.0,0.3442469322170585,1,4
0.9643326230563434,0.5977528329255425,1,5
0.7590003880904486,0.3540025884417822,1,6
0.9863871007031508,0.9749457488683275,0,7
0.8316120272980456,1.0,0,8
0.8724372988094625,0.0,1,9
0.7933776279299974,0.10719276266682616,1,10
