lgl_address_latitude,lgl_address_longitude,lgl_address_cluster,lgl_address_id
0.6518829693032588,0.8062317563251317,0,1
0.7675548322580913,0.7155824105436194,0,2
0.9804585320151189,0.5322966279278524,1,3
1.0,0.2919536355338507,1,4
0.9875835786456328,0.5069503789019466,1,5
0.9161039307029799,0.3002273455811217,1,6
0.9952611179176071,0.826845293862799,0,7
0.9413812789379518,0.848093645028519,0,8
0.9555932512338944,0.0,1,9
0.9280712333594734,0.09090950081078555,1,10
0.0,1.0,0,11
